{
  "rez_version": "2.88.3", 
  "num_success_resolves": 188, 
  "num_failed_resolves": 1, 
  "num_cpu": 2, 
  "min": 0.0007579326629638672, 
  "median": 1.4771008491516113, 
  "platform": "Linux-5.4.0-1047-azure-x86_64-with-debian-bullseye-sid", 
  "total_run_time": 477.2696621417999, 
  "num_error_resolves": 0, 
  "stddev": 2.578652989638865, 
  "max": 9.403588056564331, 
  "py_version": "2.7", 
  "rez_solver_version": 2, 
  "cpu": "Intel(R) Xeon(R) CPU E5-2673 v4 @ 2.30GHz", 
  "mean": 2.536128117683086
}