{
  "rez_version": "2.95.0", 
  "num_success_resolves": 188, 
  "num_failed_resolves": 1, 
  "num_cpu": 2, 
  "min": 0.0008070468902587891, 
  "median": 1.5761990547180176, 
  "platform": "Linux-5.8.0-1041-azure-x86_64-with-debian-bullseye-sid", 
  "total_run_time": 511.5875790119171, 
  "num_error_resolves": 0, 
  "stddev": 2.73146962817209, 
  "max": 9.8405020236969, 
  "py_version": "2.7", 
  "rez_solver_version": 2, 
  "cpu": "Intel(R) Xeon(R) CPU E5-2673 v3 @ 2.40GHz", 
  "mean": 2.718455412286393
}