{
  "total_run_time": 344.8891680240631,
  "num_success_resolves": 188,
  "num_error_resolves": 0,
  "num_failed_resolves": 1,
  "rez_version": "2.103.3",
  "rez_solver_version": 2,
  "py_version": "3.7",
  "platform": "Linux-5.11.0-1022-azure-x86_64-with-debian-bullseye-sid",
  "num_cpu": 2,
  "cpu": "Intel(R) Xeon(R) Platinum 8272CL CPU @ 2.60GHz",
  "median": 0.9768140316009521,
  "mean": 1.8312857391986441,
  "min": 0.0007212162017822266,
  "max": 7.1526265144348145,
  "stddev": 1.8836440724244445
}